region,rating,review_count,consumptionlevel
Boston,3.871002132196162,266.0692963752665,21.32436567164178
Dallas,4.01340206185567,199.08969072164948,14.868788659793825
Denver,4.076727642276423,215.739837398374,16.210701219512185
NewYork,4.3199577613516364,440.4477296726505,39.82591341077085
Seattle,4.178125,330.5708333333333,25.023494791666646
